<?xml version="1.0" encoding="UTF-8"?>
<!DOCTYPE configuration PUBLIC "-//mybatis.org//DTD Config 3.0//EN" 
"http://mybatis.org/dtd/mybatis-3-config.dtd">
<configuration>

	<!-- 实体类,简称 -设置别名 -->
	<!-- <typeAliases>
		<typeAlias alias="User" type="com.tyzd.baseInfo.model.User" />
	</typeAliases> -->
	<!-- 实体接口映射资源 -->
	<!--
		说明：如果xxMapper.xml配置文件放在和xxMapper.java同一目录下，mappers也可以省略，因为org.mybatis.spring.mapper.MapperFactoryBean默认会去查找与xxMapper.java相同目录和名称的xxMapper.xml
	-->
	<settings>
		<setting name="cacheEnabled" value="true"/>
		<!-- 控制台输出sql语句 -->
		<!-- 根据自己的需要自行打开此段代码，不要提交，以免发布时运行-->
		<!-- <setting name="logImpl" value="STDOUT_LOGGING"/> -->
	</settings>
	<mappers>
	    
	</mappers>
	
</configuration>  